quote_datetime,expiration,strike,underlying_bid,bid,ask,ticker
2026-04-16 14:58:25,2026-04-18,67000.0,74846.72,5201.847040000001,10029.460480000002,BTC
2026-04-16 14:58:25,2026-09-25,58000.0,74846.72,19834.380800000003,20208.614400000002,BTC
2026-04-16 14:58:25,2026-04-20,67000.0,74846.72,7559.518720000001,10553.387519999998,BTC
2026-04-16 14:58:25,2026-04-19,72500.0,74846.72,561.3504,4153.9929600000005,BTC
2026-04-16 14:58:25,2026-04-20,80000.0,74846.72,52.392704,74.84672,BTC
2026-04-16 14:58:25,2026-04-17,72500.0,74846.72,2320.24832,2544.78848,BTC
2026-04-16 14:58:25,2026-04-17,80000.0,74846.72,7.484672000000001,14.969344000000001,BTC
2026-04-16 14:58:25,2026-04-24,71000.0,74846.72,4341.10976,4528.22656,BTC
2026-04-16 14:58:25,2026-12-25,80000.0,74846.72,9954.61376,10066.88384,BTC
2026-04-16 14:58:25,2026-04-20,72500.0,74846.72,2095.70816,4790.19008,BTC
2026-04-16 14:58:25,2026-04-20,69000.0,74846.72,4378.53312,6287.12448,BTC
2026-04-16 14:58:25,2027-03-26,60000.0,74846.72,22528.86272,22903.09632,BTC
2026-04-16 14:58:25,2026-04-24,79000.0,74846.72,449.08032000000003,486.50368,BTC
2026-04-16 14:58:25,2026-05-29,67000.0,74846.72,9468.11008,9655.22688,BTC
2026-04-16 14:58:25,2026-04-18,76000.0,74846.72,374.2336,449.08032000000003,BTC
2026-04-16 14:58:25,2026-12-25,72000.0,74846.72,13509.83296,13659.5264,BTC
2026-04-16 14:58:25,2026-09-25,78000.0,74846.72,7746.63552,7784.05888,BTC
2026-04-16 14:58:25,2026-04-17,71000.0,74846.72,3817.18272,4004.29952,BTC
2026-04-16 14:58:25,2026-12-25,135000.0,74846.72,973.00736,1085.27744,BTC
2026-04-16 14:58:25,2026-05-29,54000.0,74846.72,21106.775039999997,21406.16192,BTC
2026-04-16 14:58:25,2026-06-26,135000.0,74846.72,22.454016,44.908032,BTC
2026-04-16 14:58:25,2026-05-29,57000.0,74846.72,18262.59968,18487.13984,BTC
2026-04-16 14:58:25,2026-04-17,71500.0,74846.72,3293.2556799999998,3517.79584,BTC
2026-04-16 14:58:25,2026-04-17,78000.0,74846.72,14.969344000000001,29.938688000000003,BTC
2026-04-16 14:58:25,2026-05-01,71000.0,74846.72,4902.4601600000005,5164.423680000001,BTC
2026-04-16 14:58:25,2026-09-25,150000.0,74846.72,134.724096,164.66278400000002,BTC
2026-04-16 14:58:25,2026-09-25,60000.0,74846.72,18300.02304,18636.83328,BTC
2026-04-16 14:58:25,2026-04-17,75000.0,74846.72,523.92704,561.3504,BTC
2026-04-16 14:58:25,2026-12-25,130000.0,74846.72,1197.54752,1309.8176,BTC
2026-04-16 14:58:25,2026-04-20,73000.0,74846.72,1684.0511999999999,2657.05856,BTC
2026-04-16 14:58:25,2026-09-25,240000.0,74846.72,7.484672000000001,44.908032,BTC
2026-04-16 14:58:25,2027-03-26,92000.0,74846.72,8270.56256,8457.67936,BTC
2026-04-16 14:58:25,2026-04-19,77000.0,74846.72,246.994176,269.448192,BTC
2026-04-16 14:58:25,2026-06-26,60000.0,74846.72,16129.46816,16354.00832,BTC
2026-04-16 14:58:25,2026-09-25,75000.0,74846.72,9093.87648,9168.7232,BTC
2026-04-16 14:58:25,2026-06-26,190000.0,74846.72,7.484672000000001,22.454016,BTC
2026-04-16 14:58:25,2026-12-25,210000.0,74846.72,104.785408,149.69344,BTC
2026-04-16 14:58:25,2026-12-25,92000.0,74846.72,6062.58432,6174.8544,BTC
2026-04-16 14:58:25,2026-06-26,120000.0,74846.72,59.877376000000005,74.84672,BTC
2026-04-16 14:58:25,2027-03-26,90000.0,74846.72,8831.91296,9056.45312,BTC
2026-04-16 14:58:25,2026-05-29,66000.0,74846.72,10216.577280000001,10478.5408,BTC
2026-04-16 14:58:25,2026-12-25,86000.0,74846.72,7784.05888,7896.32896,BTC
2026-04-16 14:58:25,2026-12-25,74000.0,74846.72,12536.8256,12686.519040000001,BTC
2026-04-16 14:58:25,2026-12-25,54000.0,74846.72,24923.95776,25335.61472,BTC
2026-04-16 14:58:25,2026-04-19,75000.0,74846.72,860.73728,898.1606400000001,BTC
2026-04-16 14:58:25,2026-12-25,200000.0,74846.72,142.208768,172.147456,BTC
2026-04-16 14:58:25,2026-04-18,80000.0,74846.72,22.454016,29.938688000000003,BTC
2026-04-16 14:58:25,2026-05-29,95000.0,74846.72,224.54016000000001,254.478848,BTC
2026-04-16 14:58:25,2026-04-19,70000.0,74846.72,2133.13152,6998.16832,BTC
2026-04-16 14:58:25,2026-05-29,84000.0,74846.72,1309.8176,1347.2409599999999,BTC
2026-04-16 14:58:25,2026-05-08,65000.0,74846.72,10141.73056,12911.0592,BTC
2026-04-16 14:58:25,2026-12-25,45000.0,74846.72,32258.93632,32520.899840000002,BTC
2026-04-16 14:58:25,2026-04-19,74500.0,74846.72,1122.7008,1160.12416,BTC
2026-04-16 14:58:25,2026-06-26,74000.0,74846.72,6174.8544,6249.701120000001,BTC
2026-04-16 14:58:25,2026-05-29,86000.0,74846.72,935.5840000000001,1010.43072,BTC
2026-04-16 14:58:25,2026-04-24,81000.0,74846.72,194.601472,209.570816,BTC
2026-04-16 14:58:25,2026-04-17,58000.0,74846.72,15493.27104,17139.89888,BTC
2026-04-16 14:58:25,2026-09-25,84000.0,74846.72,5501.23392,5576.08064,BTC
2026-04-16 14:58:25,2026-04-20,71000.0,74846.72,1347.2409599999999,6324.54784,BTC
2026-04-16 14:58:25,2026-09-25,165000.0,74846.72,82.33139200000001,97.300736,BTC
2026-04-16 14:58:25,2026-04-17,74500.0,74846.72,748.4672,823.3139199999999,BTC
2026-04-16 14:58:25,2026-04-24,66000.0,74846.72,8869.33632,9131.29984,BTC
2026-04-16 14:58:25,2026-04-24,40000.0,74846.72,34728.87808,34990.8416,BTC
2026-04-16 14:58:25,2026-05-01,70000.0,74846.72,5576.08064,5987.7376,BTC
2026-04-16 14:58:25,2026-04-19,72000.0,74846.72,2507.3651200000004,5650.92736,BTC
2026-04-16 14:58:25,2026-04-24,65000.0,74846.72,9879.76704,10104.307200000001,BTC
2026-04-16 14:58:25,2026-05-29,52000.0,74846.72,23052.78976,23352.17664,BTC
2026-04-16 14:58:25,2026-04-20,73500.0,74846.72,1796.3212800000001,2095.70816,BTC
2026-04-16 14:58:25,2026-04-19,71000.0,74846.72,1234.97088,6249.701120000001,BTC
2026-04-16 14:58:25,2026-06-26,82000.0,74846.72,2919.02208,2993.8688,BTC
2026-04-16 14:58:25,2026-09-25,180000.0,74846.72,44.908032,74.84672,BTC
2026-04-16 14:58:25,2026-04-18,79000.0,74846.72,37.42336,52.392704,BTC
2026-04-16 14:58:25,2026-05-29,90000.0,74846.72,486.50368,561.3504,BTC
2026-04-16 14:58:25,2026-05-08,72000.0,74846.72,4640.49664,4977.30688,BTC
2026-04-16 14:58:25,2026-12-25,65000.0,74846.72,17364.43904,17626.40256,BTC
2026-04-16 14:58:25,2026-05-01,78000.0,74846.72,1272.39424,1309.8176,BTC
2026-04-16 14:58:25,2026-12-25,190000.0,74846.72,164.66278400000002,217.055488,BTC
2026-04-16 14:58:25,2026-09-25,72000.0,74846.72,10590.810879999999,10703.08096,BTC
2026-04-16 14:58:25,2026-05-29,105000.0,74846.72,59.877376000000005,74.84672,BTC
2026-04-16 14:58:25,2027-03-26,150000.0,74846.72,1272.39424,1347.2409599999999,BTC
2026-04-16 14:58:25,2026-04-18,75000.0,74846.72,748.4672,823.3139199999999,BTC
2026-04-16 14:58:25,2026-04-24,55000.0,74846.72,19796.957440000002,20021.497600000002,BTC
2026-04-16 14:58:25,2026-06-26,115000.0,74846.72,89.816064,112.27008000000001,BTC
2026-04-16 14:58:25,2026-05-29,94000.0,74846.72,269.448192,291.902208,BTC
2026-04-16 14:58:25,2026-05-29,69000.0,74846.72,7971.17568,8120.86912,BTC
2026-04-16 14:58:25,2026-04-18,68000.0,74846.72,4939.88352,7784.05888,BTC
2026-04-16 14:58:25,2026-04-24,76000.0,74846.72,1272.39424,1347.2409599999999,BTC
2026-04-16 14:58:25,2026-05-29,74000.0,74846.72,4865.0368,4939.88352,BTC
2026-04-16 14:58:25,2026-05-29,60000.0,74846.72,15418.42432,15755.234559999999,BTC
2026-04-16 14:58:25,2026-09-25,220000.0,74846.72,14.969344000000001,52.392704,BTC
2026-04-16 14:58:25,2026-09-25,100000.0,74846.72,2058.2848,2133.13152,BTC
2026-04-16 14:58:25,2026-05-01,66000.0,74846.72,8981.6064,9505.533440000001,BTC
2026-04-16 14:58:25,2026-05-08,85000.0,74846.72,374.2336,411.65695999999997,BTC
2026-04-16 14:58:25,2027-03-26,98000.0,74846.72,6736.2047999999995,6960.74496,BTC
2026-04-16 14:58:25,2027-03-26,56000.0,74846.72,25223.344640000003,25560.154880000002,BTC
2026-04-16 14:58:25,2026-06-26,84000.0,74846.72,2357.67168,2395.09504,BTC
2026-04-16 14:58:25,2026-04-19,73000.0,74846.72,1347.2409599999999,4939.88352,BTC
2026-04-16 14:58:25,2026-04-17,76500.0,74846.72,97.300736,112.27008000000001,BTC
2026-04-16 14:58:25,2026-05-01,82000.0,74846.72,411.65695999999997,449.08032000000003,BTC
2026-04-16 14:58:25,2026-06-26,160000.0,74846.72,7.484672000000001,22.454016,BTC
2026-04-16 14:58:25,2026-06-26,72000.0,74846.72,7260.13184,7372.40192,BTC
2026-04-16 14:58:25,2026-12-25,56000.0,74846.72,23427.02336,23838.68032,BTC
2026-04-16 14:58:25,2026-05-29,72000.0,74846.72,5987.7376,6100.007680000001,BTC
2026-04-16 14:58:25,2026-06-26,64000.0,74846.72,12761.36576,13023.32928,BTC
2026-04-16 14:58:25,2026-06-26,230000.0,74846.72,7.484672000000001,22.454016,BTC
2026-04-16 14:58:25,2027-03-26,120000.0,74846.72,3218.4089599999998,3368.1023999999998,BTC
2026-04-16 14:58:25,2026-04-18,66000.0,74846.72,8495.10272,11039.8912,BTC
2026-04-16 14:58:25,2026-09-25,190000.0,74846.72,37.42336,59.877376000000005,BTC
2026-04-16 14:58:25,2026-09-25,64000.0,74846.72,15418.42432,15755.234559999999,BTC
2026-04-16 14:58:25,2026-05-29,62000.0,74846.72,13622.10304,13884.06656,BTC
2026-04-16 14:58:25,2026-12-25,50000.0,74846.72,28067.52,28479.17696,BTC
2026-04-16 14:58:25,2026-04-24,54000.0,74846.72,18861.37344,22678.55616,BTC
2026-04-16 14:58:25,2026-05-29,64000.0,74846.72,11863.20512,12125.16864,BTC
2026-04-16 14:58:25,2026-05-29,63000.0,74846.72,12761.36576,12985.90592,BTC
2026-04-16 14:58:25,2026-04-24,45000.0,74846.72,29788.994560000003,29976.111360000003,BTC
2026-04-16 14:58:25,2026-05-29,58000.0,74846.72,17327.01568,17551.55584,BTC
2026-04-16 14:58:25,2026-12-25,64000.0,74846.72,17963.2128,18225.17632,BTC
2026-04-16 14:58:25,2026-05-01,64000.0,74846.72,10852.7744,11376.70144,BTC
2026-04-16 14:58:25,2026-12-25,95000.0,74846.72,5314.11712,5426.3872,BTC
2026-04-16 14:58:25,2026-04-17,68000.0,74846.72,6773.62816,6998.16832,BTC
2026-04-16 14:58:25,2026-09-25,95000.0,74846.72,2806.752,2919.02208,BTC
2026-04-16 14:58:25,2026-09-25,35000.0,74846.72,40492.075520000006,40679.19232,BTC
2026-04-16 14:58:25,2026-06-26,240000.0,74846.72,7.484672000000001,22.454016,BTC
2026-04-16 14:58:25,2026-04-19,76000.0,74846.72,449.08032000000003,523.92704,BTC
2026-04-16 14:58:25,2026-09-25,200000.0,74846.72,22.454016,52.392704,BTC
2026-04-16 14:58:25,2026-04-20,74500.0,74846.72,1272.39424,1347.2409599999999,BTC
2026-04-16 14:58:25,2026-05-29,83000.0,74846.72,1496.9344,1534.35776,BTC
2026-04-16 14:58:25,2026-05-29,65000.0,74846.72,11039.8912,11339.27808,BTC
2026-04-16 14:58:25,2027-03-26,110000.0,74846.72,4490.8032,4677.92,BTC
2026-04-16 14:58:25,2026-09-25,145000.0,74846.72,172.147456,202.08614400000002,BTC
2026-04-16 14:58:25,2026-04-24,82000.0,74846.72,127.239424,149.69344,BTC
2026-04-16 14:58:25,2026-09-25,160000.0,74846.72,89.816064,112.27008000000001,BTC
2026-04-16 14:58:25,2026-04-19,71500.0,74846.72,1384.6643199999999,5276.693759999999,BTC
2026-04-16 14:58:25,2026-12-25,98000.0,74846.72,4677.92,4790.19008,BTC
2026-04-16 14:58:25,2026-05-01,75000.0,74846.72,2469.94176,2544.78848,BTC
2026-04-16 14:58:25,2026-09-25,86000.0,74846.72,4902.4601600000005,4977.30688,BTC
2026-04-16 14:58:25,2026-12-25,115000.0,74846.72,2245.4016,2357.67168,BTC
2026-04-16 14:58:25,2026-05-01,60000.0,74846.72,14744.80384,15268.73088,BTC
2026-04-16 14:58:25,2026-04-24,78000.0,74846.72,636.19712,673.6204799999999,BTC
2026-04-16 14:58:25,2027-03-26,64000.0,74846.72,20096.34432,20433.154560000003,BTC
2026-04-16 14:58:25,2026-04-17,60000.0,74846.72,13360.139519999999,17065.05216,BTC
2026-04-16 14:58:25,2026-04-20,75500.0,74846.72,785.89056,860.73728,BTC
2026-04-16 14:58:25,2027-03-26,50000.0,74846.72,29414.760960000003,30013.534720000003,BTC
2026-04-16 14:58:25,2026-05-08,90000.0,74846.72,127.239424,157.178112,BTC
2026-04-16 14:58:25,2026-06-26,180000.0,74846.72,7.484672000000001,22.454016,BTC
2026-04-16 14:58:25,2026-05-08,75000.0,74846.72,3031.29216,3106.1388800000004,BTC
2026-04-16 14:58:25,2026-04-17,76000.0,74846.72,187.1168,209.570816,BTC
2026-04-16 14:58:25,2026-05-29,73000.0,74846.72,5388.963839999999,5501.23392,BTC
2026-04-16 14:58:25,2026-05-01,80000.0,74846.72,748.4672,785.89056,BTC
2026-04-16 14:58:25,2026-05-29,75000.0,74846.72,4341.10976,4378.53312,BTC
2026-04-16 14:58:25,2026-05-08,82000.0,74846.72,748.4672,823.3139199999999,BTC
2026-04-16 14:58:25,2027-03-26,190000.0,74846.72,486.50368,561.3504,BTC
2026-04-16 14:58:25,2026-12-25,110000.0,74846.72,2769.3286399999997,2881.59872,BTC
2026-04-16 14:58:25,2026-04-24,72000.0,74846.72,3555.2192,3742.3360000000002,BTC
2026-04-16 14:58:25,2026-04-24,75000.0,74846.72,1721.47456,1796.3212800000001,BTC
2026-04-16 14:58:25,2026-04-24,69000.0,74846.72,6100.007680000001,6249.701120000001,BTC
2026-04-16 14:58:25,2026-09-25,76000.0,74846.72,8644.79616,8719.642880000001,BTC
2026-04-16 14:58:25,2026-05-29,76000.0,74846.72,3854.60608,3892.02944,BTC
2026-04-16 14:58:25,2026-06-26,68000.0,74846.72,9804.920320000001,9992.03712,BTC
2026-04-16 14:58:25,2026-09-25,110000.0,74846.72,1085.27744,1160.12416,BTC
2026-04-16 14:58:25,2026-12-25,82000.0,74846.72,9168.7232,9318.41664,BTC
2026-04-16 14:58:25,2026-06-26,105000.0,74846.72,232.024832,254.478848,BTC
2026-04-16 14:58:25,2026-12-25,30000.0,74846.72,45881.03936,46030.7328,BTC
2026-04-16 14:58:25,2026-12-25,180000.0,74846.72,224.54016000000001,276.932864,BTC
2026-04-16 14:58:25,2026-04-19,75500.0,74846.72,636.19712,673.6204799999999,BTC
2026-04-16 14:58:25,2026-06-26,110000.0,74846.72,142.208768,164.66278400000002,BTC
2026-04-16 14:58:25,2026-06-26,62000.0,74846.72,14407.9936,14669.957120000001,BTC
2026-04-16 14:58:25,2026-06-26,145000.0,74846.72,14.969344000000001,22.454016,BTC
2026-04-16 14:58:25,2026-06-26,260000.0,74846.72,7.484672000000001,22.454016,BTC
2026-04-16 14:58:25,2026-05-01,90000.0,74846.72,44.908032,59.877376000000005,BTC
2026-04-16 14:58:25,2026-04-18,81000.0,74846.72,7.484672000000001,22.454016,BTC
2026-04-16 14:58:25,2026-09-25,45000.0,74846.72,31061.3888,31398.19904,BTC
2026-04-16 14:58:25,2026-05-01,76000.0,74846.72,2020.86144,2058.2848,BTC
2026-04-16 14:58:25,2026-04-18,77500.0,74846.72,119.75475200000001,142.208768,BTC
2026-04-16 14:58:25,2026-05-01,85000.0,74846.72,172.147456,179.632128,BTC
2026-04-16 14:58:25,2026-05-29,85000.0,74846.72,1122.7008,1160.12416,BTC
2026-04-16 14:58:25,2026-05-01,72000.0,74846.72,4228.83968,4378.53312,BTC
2026-04-16 14:58:25,2026-06-26,55000.0,74846.72,20620.271360000002,20844.811520000003,BTC
2026-04-16 14:58:25,2027-03-26,96000.0,74846.72,7222.70848,7409.82528,BTC
2026-04-16 14:58:25,2026-09-25,40000.0,74846.72,35739.3088,35926.4256,BTC
2026-04-16 14:58:25,2026-09-25,155000.0,74846.72,104.785408,134.724096,BTC
2026-04-16 14:58:25,2026-04-17,70500.0,74846.72,4303.6864000000005,4490.8032,BTC
2026-04-16 14:58:25,2026-06-26,70000.0,74846.72,8457.67936,8607.372800000001,BTC
2026-04-16 14:58:25,2026-12-25,125000.0,74846.72,1459.51104,1571.78112,BTC
2026-04-16 14:58:25,2027-03-26,95000.0,74846.72,7484.6720000000005,7671.788799999999,BTC
2026-04-16 14:58:25,2026-12-25,70000.0,74846.72,14520.26368,14744.80384,BTC
2026-04-16 14:58:25,2026-09-25,140000.0,74846.72,217.055488,246.994176,BTC
2026-04-16 14:58:25,2026-12-25,100000.0,74846.72,4303.6864000000005,4415.95648,BTC
2026-04-16 14:58:25,2026-04-17,67000.0,74846.72,7784.05888,7971.17568,BTC
2026-04-16 14:58:25,2026-04-24,50000.0,74846.72,23165.05984,26271.19872,BTC
2026-04-16 14:58:25,2026-12-25,105000.0,74846.72,3442.94912,3555.2192,BTC
2026-04-16 14:58:25,2026-04-17,75500.0,74846.72,314.356224,344.294912,BTC
2026-04-16 14:58:25,2026-04-20,76500.0,74846.72,449.08032000000003,523.92704,BTC
2026-04-16 14:58:25,2026-04-20,83000.0,74846.72,14.969344000000001,22.454016,BTC
2026-04-16 14:58:25,2026-12-25,220000.0,74846.72,82.33139200000001,127.239424,BTC
2026-04-16 14:58:25,2027-03-26,80000.0,74846.72,12274.86208,12499.402240000001,BTC
2026-04-16 14:58:25,2026-05-29,48000.0,74846.72,26982.24256,27244.20608,BTC
2026-04-16 14:58:25,2026-04-24,68000.0,74846.72,6998.16832,7260.13184,BTC
2026-04-16 14:58:25,2026-12-25,94000.0,74846.72,5538.657279999999,5688.35072,BTC
2026-04-16 14:58:25,2026-12-25,140000.0,74846.72,785.89056,898.1606400000001,BTC
2026-04-16 14:58:25,2026-05-29,98000.0,74846.72,142.208768,172.147456,BTC
2026-04-16 14:58:25,2026-05-29,68000.0,74846.72,8719.642880000001,8869.33632,BTC
2026-04-16 14:58:25,2026-09-25,90000.0,74846.72,3854.60608,3929.4528,BTC
2026-04-16 14:58:25,2026-09-25,56000.0,74846.72,21443.58528,21780.39552,BTC
2026-04-16 14:58:25,2026-12-25,250000.0,74846.72,44.908032,82.33139200000001,BTC
2026-04-16 14:58:25,2026-09-25,62000.0,74846.72,16840.512000000002,17177.32224,BTC
2026-04-16 14:58:25,2027-03-26,70000.0,74846.72,16765.66528,17102.47552,BTC
2026-04-16 14:58:25,2026-04-17,73000.0,74846.72,1871.1680000000001,2058.2848,BTC
2026-04-16 14:58:25,2026-04-18,72000.0,74846.72,2731.90528,3218.4089599999998,BTC
2026-04-16 14:58:25,2026-04-18,71000.0,74846.72,3630.06592,4266.26304,BTC
2026-04-16 14:58:25,2026-04-19,74000.0,74846.72,1384.6643199999999,1496.9344,BTC
2026-04-16 14:58:25,2026-09-25,70000.0,74846.72,11676.08832,11863.20512,BTC
2026-04-16 14:58:25,2026-05-08,78000.0,74846.72,1758.89792,1833.7446400000001,BTC
2026-04-16 14:58:25,2026-06-26,155000.0,74846.72,7.484672000000001,22.454016,BTC
2026-04-16 14:58:25,2026-06-26,86000.0,74846.72,1908.59136,1946.01472,BTC
2026-04-16 14:58:25,2026-04-19,81000.0,74846.72,14.969344000000001,29.938688000000003,BTC
2026-04-16 14:58:25,2026-06-26,165000.0,74846.72,7.484672000000001,22.454016,BTC
2026-04-16 14:58:25,2026-05-29,96000.0,74846.72,194.601472,224.54016000000001,BTC
2026-04-16 14:58:25,2026-05-29,92000.0,74846.72,366.748928,411.65695999999997,BTC
2026-04-16 14:58:25,2026-04-24,73000.0,74846.72,2881.59872,2993.8688,BTC
2026-04-16 14:58:25,2026-05-01,73000.0,74846.72,3555.2192,3704.91264,BTC
2026-04-16 14:58:25,2026-04-24,64000.0,74846.72,10852.7744,11077.314559999999,BTC
2026-04-16 14:58:25,2026-04-24,58000.0,74846.72,16803.08864,17027.628800000002,BTC
2026-04-16 14:58:25,2026-12-25,40000.0,74846.72,36674.8928,36899.43296,BTC
2026-04-16 14:58:25,2027-03-26,105000.0,74846.72,5314.11712,5501.23392,BTC
2026-04-16 14:58:25,2026-04-24,70000.0,74846.72,5201.847040000001,5351.54048,BTC
2026-04-16 14:58:25,2026-04-24,88000.0,74846.72,14.969344000000001,29.938688000000003,BTC
2026-04-16 14:58:25,2026-04-19,78000.0,74846.72,119.75475200000001,134.724096,BTC
2026-04-16 14:58:25,2026-05-08,76000.0,74846.72,2544.78848,2619.6352,BTC
2026-04-16 14:58:25,2026-05-29,59000.0,74846.72,16391.43168,16615.971840000002,BTC
2026-04-16 14:58:25,2026-04-17,63000.0,74846.72,11563.81824,13696.94976,BTC
2026-04-16 14:58:25,2027-03-26,68000.0,74846.72,17813.51936,18187.75296,BTC
2026-04-16 14:58:25,2026-04-24,83000.0,74846.72,89.816064,104.785408,BTC
2026-04-16 14:58:25,2026-04-18,69000.0,74846.72,5538.657279999999,8644.79616,BTC
2026-04-16 14:58:25,2027-03-26,140000.0,74846.72,1721.47456,1796.3212800000001,BTC
2026-04-16 14:58:25,2026-04-24,59000.0,74846.72,14520.26368,16166.89152,BTC
2026-04-16 14:58:25,2026-09-25,94000.0,74846.72,2993.8688,3068.71552,BTC
2026-04-16 14:58:25,2026-05-01,69000.0,74846.72,6361.971200000001,6811.05152,BTC
2026-04-16 14:58:25,2026-12-25,62000.0,74846.72,19235.60704,19647.264000000003,BTC
2026-04-16 14:58:25,2026-06-26,80000.0,74846.72,3555.2192,3630.06592,BTC
2026-04-16 14:58:25,2026-09-25,30000.0,74846.72,45319.68896000001,45469.3824,BTC
2026-04-16 14:58:25,2026-12-25,96000.0,74846.72,5089.57696,5201.847040000001,BTC
2026-04-16 14:58:25,2026-04-18,78000.0,74846.72,74.84672,89.816064,BTC
2026-04-16 14:58:25,2026-05-29,88000.0,74846.72,673.6204799999999,748.4672,BTC
2026-04-16 14:58:25,2026-06-26,58000.0,74846.72,17850.94272,18112.90624,BTC
2026-04-16 14:58:25,2026-09-25,170000.0,74846.72,59.877376000000005,89.816064,BTC
2026-04-16 14:58:25,2026-12-25,60000.0,74846.72,20582.848,20994.504960000002,BTC
2026-04-16 14:58:25,2026-06-26,50000.0,74846.72,25298.19136,25597.578240000003,BTC
2026-04-16 14:58:25,2026-12-25,68000.0,74846.72,15605.54112,15867.50464,BTC
2026-04-16 14:58:25,2026-04-19,77500.0,74846.72,172.147456,194.601472,BTC
2026-04-16 14:58:25,2026-06-26,250000.0,74846.72,7.484672000000001,22.454016,BTC
2026-04-16 14:58:25,2027-03-26,100000.0,74846.72,6324.54784,6511.66464,BTC
2026-04-16 14:58:25,2026-04-18,76500.0,74846.72,269.448192,291.902208,BTC
2026-04-16 14:58:25,2026-04-17,70000.0,74846.72,4790.19008,4977.30688,BTC
2026-04-16 14:58:25,2026-06-26,220000.0,74846.72,7.484672000000001,22.454016,BTC
2026-04-16 14:58:25,2026-06-26,40000.0,74846.72,35028.26496,35327.65184,BTC
2026-04-16 14:58:25,2026-06-26,90000.0,74846.72,1234.97088,1272.39424,BTC
2026-04-16 14:58:25,2026-06-26,130000.0,74846.72,29.938688000000003,52.392704,BTC
2026-04-16 14:58:25,2026-06-26,45000.0,74846.72,30125.8048,30425.19168,BTC
2026-04-16 14:58:25,2026-04-24,62000.0,74846.72,12836.212480000002,13060.752639999999,BTC
2026-04-16 14:58:25,2026-04-20,70000.0,74846.72,4603.07328,7260.13184,BTC
2026-04-16 14:58:25,2026-05-08,74000.0,74846.72,3555.2192,3630.06592,BTC
2026-04-16 14:58:25,2027-03-26,115000.0,74846.72,3817.18272,3966.87616,BTC
2026-04-16 14:58:25,2027-03-26,86000.0,74846.72,10066.88384,10291.424,BTC
2026-04-16 14:58:25,2026-04-24,84000.0,74846.72,59.877376000000005,74.84672,BTC
2026-04-16 14:58:25,2026-04-17,55000.0,74846.72,18038.05952,20470.577920000003,BTC
2026-04-16 14:58:25,2026-04-18,73000.0,74846.72,2020.86144,2282.82496,BTC
2026-04-16 14:58:25,2026-04-17,74000.0,74846.72,1085.27744,1197.54752,BTC
2026-04-16 14:58:25,2026-05-29,50000.0,74846.72,24998.804480000003,25298.19136,BTC
2026-04-16 14:58:25,2026-06-26,200000.0,74846.72,7.484672000000001,22.454016,BTC
2026-04-16 14:58:25,2027-03-26,102000.0,74846.72,5912.89088,6100.007680000001,BTC
2026-04-16 14:58:25,2026-05-29,56000.0,74846.72,19198.183680000002,19497.57056,BTC
2026-04-16 14:58:25,2026-09-25,80000.0,74846.72,6923.3216,6998.16832,BTC
2026-04-16 14:58:25,2026-04-18,73500.0,74846.72,1609.2044799999999,1908.59136,BTC
2026-04-16 14:58:25,2026-05-29,70000.0,74846.72,7260.13184,7409.82528,BTC
2026-04-16 14:58:25,2026-05-29,100000.0,74846.72,104.785408,134.724096,BTC
2026-04-16 14:58:25,2027-03-26,58000.0,74846.72,23838.68032,24212.913920000003,BTC
2026-04-16 14:58:25,2027-03-26,94000.0,74846.72,7709.21216,7933.75232,BTC
2026-04-16 14:58:25,2027-03-26,72000.0,74846.72,15755.234559999999,16129.46816,BTC
2026-04-16 14:58:25,2026-06-26,140000.0,74846.72,14.969344000000001,29.938688000000003,BTC
2026-04-16 14:58:25,2026-12-25,55000.0,74846.72,24175.490560000002,24587.147520000002,BTC
2026-04-16 14:58:25,2026-05-08,71000.0,74846.72,4977.30688,8307.985920000001,BTC
2026-04-16 14:58:25,2026-04-24,61000.0,74846.72,12200.015360000001,15081.614080000001,BTC
2026-04-16 14:58:25,2026-12-25,240000.0,74846.72,52.392704,97.300736,BTC
2026-04-16 14:58:25,2026-04-20,82000.0,74846.72,22.454016,37.42336,BTC
2026-04-16 14:58:25,2026-05-08,80000.0,74846.72,1160.12416,1234.97088,BTC
2026-04-16 14:58:25,2026-12-25,75000.0,74846.72,12087.745280000001,12237.43872,BTC
2026-04-16 14:58:25,2026-06-26,30000.0,74846.72,44945.45536,45132.572159999996,BTC
2026-04-16 14:58:25,2026-04-19,79000.0,74846.72,59.877376000000005,74.84672,BTC
2026-04-16 14:58:25,2026-06-26,76000.0,74846.72,5164.423680000001,5239.2704,BTC
2026-04-16 14:58:25,2026-04-20,76000.0,74846.72,598.77376,673.6204799999999,BTC
2026-04-16 14:58:25,2026-04-20,72000.0,74846.72,1946.01472,5089.57696,BTC
2026-04-16 14:58:25,2026-04-20,68000.0,74846.72,4977.30688,9056.45312,BTC
2026-04-16 14:58:25,2026-05-01,74000.0,74846.72,2993.8688,3068.71552,BTC
2026-04-16 14:58:25,2027-03-26,180000.0,74846.72,598.77376,636.19712,BTC
2026-04-16 14:58:25,2026-04-19,80000.0,74846.72,29.938688000000003,44.908032,BTC
2026-04-16 14:58:25,2026-05-08,68000.0,74846.72,6773.62816,10590.810879999999,BTC
2026-04-16 14:58:25,2026-09-25,120000.0,74846.72,598.77376,673.6204799999999,BTC
2026-04-16 14:58:25,2026-04-17,62000.0,74846.72,12349.7088,15231.307519999998,BTC
2026-04-16 14:58:25,2026-06-26,75000.0,74846.72,5650.92736,5725.77408,BTC
2026-04-16 14:58:25,2027-03-26,88000.0,74846.72,9430.68672,9655.22688,BTC
2026-04-16 14:58:25,2027-03-26,170000.0,74846.72,748.4672,823.3139199999999,BTC
2026-04-16 14:58:25,2027-03-26,74000.0,74846.72,14819.65056,15119.037440000002,BTC
2026-04-16 14:58:25,2026-06-26,88000.0,74846.72,1534.35776,1571.78112,BTC
2026-04-16 14:58:25,2026-05-01,79000.0,74846.72,973.00736,1047.85408,BTC
2026-04-16 14:58:25,2026-09-25,115000.0,74846.72,785.89056,860.73728,BTC
2026-04-16 14:58:25,2026-04-17,66000.0,74846.72,8794.489599999999,8981.6064,BTC
2026-04-16 14:58:25,2026-04-20,81000.0,74846.72,29.938688000000003,44.908032,BTC
2026-04-16 14:58:25,2026-04-24,90000.0,74846.72,7.484672000000001,22.454016,BTC
2026-04-16 14:58:25,2026-04-24,86000.0,74846.72,29.938688000000003,37.42336,BTC
2026-04-16 14:58:25,2026-04-18,75500.0,74846.72,561.3504,598.77376,BTC
2026-04-16 14:58:25,2026-04-20,66000.0,74846.72,6399.394560000001,11039.8912,BTC
2026-04-16 14:58:25,2026-09-25,130000.0,74846.72,351.779584,411.65695999999997,BTC
2026-04-16 14:58:25,2027-03-26,76000.0,74846.72,13958.91328,14220.8768,BTC
2026-04-16 14:58:25,2026-04-19,67000.0,74846.72,5201.847040000001,10066.88384,BTC
2026-04-16 14:58:25,2026-04-17,79000.0,74846.72,7.484672000000001,14.969344000000001,BTC
2026-04-16 14:58:25,2026-06-26,78000.0,74846.72,4303.6864000000005,4378.53312,BTC
2026-04-16 14:58:25,2026-09-25,92000.0,74846.72,3405.52576,3480.37248,BTC
2026-04-16 14:58:25,2026-09-25,125000.0,74846.72,449.08032000000003,523.92704,BTC
2026-04-16 14:58:25,2026-04-17,69000.0,74846.72,5800.6208,5987.7376,BTC
2026-04-16 14:58:25,2026-06-26,210000.0,74846.72,7.484672000000001,22.454016,BTC
2026-04-16 14:58:25,2026-05-01,77000.0,74846.72,1609.2044799999999,1646.6278399999999,BTC
2026-04-16 14:58:25,2026-04-19,69000.0,74846.72,4041.72288,6848.47488,BTC
2026-04-16 14:58:25,2027-03-26,130000.0,74846.72,2320.24832,2469.94176,BTC
2026-04-16 14:58:25,2026-04-24,52000.0,74846.72,21555.855359999998,23539.29344,BTC
2026-04-16 14:58:25,2026-09-25,175000.0,74846.72,52.392704,82.33139200000001,BTC
2026-04-16 14:58:25,2026-04-17,56000.0,74846.72,18225.17632,20657.694720000003,BTC
2026-04-16 14:58:25,2027-03-26,84000.0,74846.72,10777.927679999999,11002.46784,BTC
2026-04-16 14:58:25,2026-04-24,63000.0,74846.72,11788.358400000001,12087.745280000001,BTC
2026-04-16 14:58:25,2026-04-17,77000.0,74846.72,52.392704,67.362048,BTC
2026-04-16 14:58:25,2026-05-29,71000.0,74846.72,6623.93472,6736.2047999999995,BTC
2026-04-16 14:58:25,2026-04-19,73500.0,74846.72,636.19712,4341.10976,BTC
2026-04-16 14:58:25,2026-09-25,68000.0,74846.72,12873.635839999999,13060.752639999999,BTC
2026-04-16 14:58:25,2026-12-25,230000.0,74846.72,67.362048,119.75475200000001,BTC
2026-04-16 14:58:25,2026-04-19,68000.0,74846.72,4191.41632,9056.45312,BTC
2026-04-16 14:58:25,2026-04-20,79000.0,74846.72,97.300736,127.239424,BTC
2026-04-16 14:58:25,2026-05-29,45000.0,74846.72,29901.26464,30200.651520000003,BTC
2026-04-16 14:58:25,2026-04-24,60000.0,74846.72,14819.65056,15044.19072,BTC
2026-04-16 14:58:25,2026-04-19,65000.0,74846.72,8794.489599999999,12312.285440000001,BTC
2026-04-16 14:58:25,2026-05-08,73000.0,74846.72,4079.14624,4228.83968,BTC
2026-04-16 14:58:25,2026-04-24,80000.0,74846.72,299.38688,321.840896,BTC
2026-04-16 14:58:25,2026-04-17,64000.0,74846.72,9093.87648,11676.08832,BTC
2026-04-16 14:58:25,2026-09-25,85000.0,74846.72,5201.847040000001,5276.693759999999,BTC
2026-04-16 14:58:25,2026-12-25,160000.0,74846.72,411.65695999999997,486.50368,BTC
2026-04-16 14:58:25,2026-12-25,90000.0,74846.72,6586.5113599999995,6698.78144,BTC
2026-04-16 14:58:25,2027-03-26,66000.0,74846.72,18936.22016,19273.0304,BTC
2026-04-16 14:58:25,2026-05-29,61000.0,74846.72,14520.26368,14782.227200000001,BTC
2026-04-16 14:58:25,2026-06-26,85000.0,74846.72,2133.13152,2170.55488,BTC
2026-04-16 14:58:25,2027-03-26,160000.0,74846.72,973.00736,1047.85408,BTC
2026-04-16 14:58:25,2026-09-25,260000.0,74846.72,7.484672000000001,37.42336,BTC
2026-04-16 14:58:25,2026-04-18,74000.0,74846.72,1309.8176,1422.08768,BTC
2026-04-16 14:58:25,2026-09-25,82000.0,74846.72,6174.8544,6249.701120000001,BTC
2026-04-16 14:58:25,2026-05-29,77000.0,74846.72,3405.52576,3442.94912,BTC
2026-04-16 14:58:25,2026-04-19,82000.0,74846.72,7.484672000000001,22.454016,BTC
2026-04-16 14:58:25,2026-06-26,170000.0,74846.72,7.484672000000001,22.454016,BTC
2026-04-16 14:58:25,2026-12-25,35000.0,74846.72,41203.11936,41390.23616000001,BTC
2026-04-16 14:58:25,2026-05-01,81000.0,74846.72,561.3504,598.77376,BTC
2026-04-16 14:58:25,2026-12-25,120000.0,74846.72,1796.3212800000001,1908.59136,BTC
2026-04-16 14:58:25,2026-04-24,77000.0,74846.72,935.5840000000001,973.00736,BTC
2026-04-16 14:58:25,2026-04-18,77000.0,74846.72,172.147456,202.08614400000002,BTC
2026-04-16 14:58:25,2026-06-26,100000.0,74846.72,374.2336,449.08032000000003,BTC
2026-04-16 14:58:25,2026-04-18,70000.0,74846.72,4565.64992,5164.423680000001,BTC
2026-04-16 14:58:25,2026-04-18,71500.0,74846.72,3180.9856000000004,3704.91264,BTC
2026-04-16 14:58:25,2026-12-25,150000.0,74846.72,561.3504,636.19712,BTC
2026-04-16 14:58:25,2026-05-01,87000.0,74846.72,89.816064,112.27008000000001,BTC
2026-04-16 14:58:25,2026-05-08,77000.0,74846.72,2133.13152,2207.97824,BTC
2026-04-16 14:58:25,2026-04-18,72500.0,74846.72,2282.82496,2806.752,BTC
2026-04-16 14:58:25,2026-06-26,95000.0,74846.72,711.04384,748.4672,BTC
2026-04-16 14:58:25,2026-04-17,65000.0,74846.72,9767.49696,9954.61376,BTC
2026-04-16 14:58:25,2026-09-25,88000.0,74846.72,4341.10976,4415.95648,BTC
2026-04-16 14:58:25,2026-12-25,66000.0,74846.72,16728.24192,16990.20544,BTC
2026-04-16 14:58:25,2026-05-01,68000.0,74846.72,7185.2851200000005,7634.36544,BTC
2026-04-16 14:58:25,2027-03-26,104000.0,74846.72,5501.23392,5688.35072,BTC
2026-04-16 14:58:25,2026-12-25,170000.0,74846.72,299.38688,351.779584,BTC
2026-04-16 14:58:25,2026-09-25,65000.0,74846.72,14782.227200000001,15081.614080000001,BTC
2026-04-16 14:58:25,2026-04-19,66000.0,74846.72,7185.2851200000005,11376.70144,BTC
2026-04-16 14:58:25,2027-03-26,40000.0,74846.72,37535.630079999995,38022.133760000004,BTC
2026-04-16 14:58:25,2026-05-08,70000.0,74846.72,5351.54048,9131.29984,BTC
2026-04-16 14:58:25,2026-09-25,135000.0,74846.72,276.932864,306.871552,BTC
2026-04-16 14:58:25,2026-04-17,69500.0,74846.72,2619.6352,7559.518720000001,BTC
2026-04-16 14:58:25,2026-04-18,74500.0,74846.72,1010.43072,1085.27744,BTC
2026-04-16 14:58:25,2026-05-29,80000.0,74846.72,2282.82496,2357.67168,BTC
2026-04-16 14:58:25,2026-05-29,79000.0,74846.72,2619.6352,2694.4819199999997,BTC
2026-04-16 14:58:25,2026-04-24,67000.0,74846.72,7933.75232,8195.71584,BTC
2026-04-16 14:58:25,2026-04-24,56000.0,74846.72,17401.8624,19422.723840000002,BTC
2026-04-16 14:58:25,2027-03-26,55000.0,74846.72,25896.965119999997,26233.77536,BTC
2026-04-16 14:58:25,2027-03-26,62000.0,74846.72,21293.89184,21630.70208,BTC
2026-04-16 14:58:25,2026-04-20,77500.0,74846.72,254.478848,284.417536,BTC
2026-04-16 14:58:25,2026-06-26,65000.0,74846.72,12012.89856,12162.592,BTC
2026-04-16 14:58:25,2026-09-25,50000.0,74846.72,26533.162239999998,26907.39584,BTC
2026-04-16 14:58:25,2026-04-17,72000.0,74846.72,2844.17536,3031.29216,BTC
2026-04-16 14:58:25,2026-09-25,96000.0,74846.72,2657.05856,2731.90528,BTC
2026-04-16 14:58:25,2027-03-26,82000.0,74846.72,11488.97152,11713.51168,BTC
2026-04-16 14:58:25,2026-06-26,150000.0,74846.72,14.969344000000001,22.454016,BTC
2026-04-16 14:58:25,2026-09-25,55000.0,74846.72,22266.8992,22603.70944,BTC
2026-04-16 14:58:25,2026-04-24,57000.0,74846.72,17065.05216,20171.19104,BTC
2026-04-16 14:58:25,2026-04-20,77000.0,74846.72,344.294912,374.2336,BTC
2026-04-16 14:58:25,2026-09-25,74000.0,74846.72,9580.38016,9692.65024,BTC
2026-04-16 14:58:25,2026-05-29,40000.0,74846.72,34841.148160000004,35140.535039999995,BTC
2026-04-16 14:58:25,2026-12-25,84000.0,74846.72,8457.67936,8569.94944,BTC
2026-04-16 14:58:25,2026-04-20,75000.0,74846.72,1010.43072,1085.27744,BTC
2026-04-16 14:58:25,2026-12-25,76000.0,74846.72,11601.2416,11750.93504,BTC
2026-04-16 14:58:25,2026-09-25,66000.0,74846.72,14108.60672,14407.9936,BTC
2026-04-16 14:58:25,2026-04-19,76500.0,74846.72,344.294912,366.748928,BTC
2026-04-16 14:58:25,2026-04-20,78000.0,74846.72,187.1168,217.055488,BTC
2026-04-16 14:58:25,2026-09-25,105000.0,74846.72,1496.9344,1571.78112,BTC
2026-04-16 14:58:25,2026-12-25,88000.0,74846.72,7147.86176,7222.70848,BTC
2026-04-16 14:58:25,2026-04-17,50000.0,74846.72,23127.63648,26046.65856,BTC
2026-04-16 14:58:25,2026-12-25,58000.0,74846.72,21967.512319999998,22379.16928,BTC
2026-04-16 14:58:25,2026-05-29,82000.0,74846.72,1721.47456,1796.3212800000001,BTC
2026-04-16 14:58:25,2026-06-26,125000.0,74846.72,44.908032,67.362048,BTC
2026-04-16 14:58:25,2026-06-26,20000.0,74846.72,54900.06912000001,55012.3392,BTC
2026-04-16 14:58:25,2026-12-25,85000.0,74846.72,8120.86912,8233.1392,BTC
2026-04-16 14:58:25,2027-03-26,78000.0,74846.72,13098.176,13322.71616,BTC
2026-04-16 14:58:25,2026-06-26,66000.0,74846.72,11227.008,11451.54816,BTC
2026-04-16 14:58:25,2026-05-29,81000.0,74846.72,1983.43808,2058.2848,BTC
2026-04-16 14:58:25,2026-04-17,73500.0,74846.72,1422.08768,1684.0511999999999,BTC
2026-04-16 14:58:25,2026-12-25,78000.0,74846.72,10740.50432,10890.19776,BTC
2026-04-16 14:58:25,2026-04-20,74000.0,74846.72,1534.35776,1646.6278399999999,BTC
2026-04-16 14:58:25,2026-04-24,85000.0,74846.72,44.908032,52.392704,BTC
2026-04-16 14:58:25,2026-04-24,74000.0,74846.72,2282.82496,2357.67168,BTC
2026-04-16 14:58:25,2026-05-29,78000.0,74846.72,2993.8688,3031.29216,BTC
2026-04-16 14:58:25,2026-05-01,65000.0,74846.72,9917.190400000001,10366.27072,BTC
